
<RENDERBATCH>

  <RENDERIMG RASNAME="C:\Users\superman\Documents\TylerBondGithub\ecen427-spaceinvaders\rtc\SDK\SDK_Export\hw\imgs\proc_sys_reset_0.jpg" SVGNAME="C:\Users\superman\Documents\TylerBondGithub\ecen427-spaceinvaders\rtc\SDK\SDK_Export\hw\imgs\proc_sys_reset_0.svg" TMPSVGFN="C:\Users\superman\Documents\TylerBondGithub\ecen427-spaceinvaders\rtc\__xps\.dswkshop\proc_sys_reset_0.svg"/>

  <RENDERIMG RASNAME="C:\Users\superman\Documents\TylerBondGithub\ecen427-spaceinvaders\rtc\SDK\SDK_Export\hw\imgs\microblaze_0_intc.jpg" SVGNAME="C:\Users\superman\Documents\TylerBondGithub\ecen427-spaceinvaders\rtc\SDK\SDK_Export\hw\imgs\microblaze_0_intc.svg" TMPSVGFN="C:\Users\superman\Documents\TylerBondGithub\ecen427-spaceinvaders\rtc\__xps\.dswkshop\microblaze_0_intc.svg"/>

  <RENDERIMG RASNAME="C:\Users\superman\Documents\TylerBondGithub\ecen427-spaceinvaders\rtc\SDK\SDK_Export\hw\imgs\microblaze_0_ilmb.jpg" SVGNAME="C:\Users\superman\Documents\TylerBondGithub\ecen427-spaceinvaders\rtc\SDK\SDK_Export\hw\imgs\microblaze_0_ilmb.svg" TMPSVGFN="C:\Users\superman\Documents\TylerBondGithub\ecen427-spaceinvaders\rtc\__xps\.dswkshop\microblaze_0_ilmb.svg"/>

  <RENDERIMG RASNAME="C:\Users\superman\Documents\TylerBondGithub\ecen427-spaceinvaders\rtc\SDK\SDK_Export\hw\imgs\microblaze_0_i_bram_ctrl.jpg" SVGNAME="C:\Users\superman\Documents\TylerBondGithub\ecen427-spaceinvaders\rtc\SDK\SDK_Export\hw\imgs\microblaze_0_i_bram_ctrl.svg" TMPSVGFN="C:\Users\superman\Documents\TylerBondGithub\ecen427-spaceinvaders\rtc\__xps\.dswkshop\microblaze_0_i_bram_ctrl.svg"/>

  <RENDERIMG RASNAME="C:\Users\superman\Documents\TylerBondGithub\ecen427-spaceinvaders\rtc\SDK\SDK_Export\hw\imgs\microblaze_0_dlmb.jpg" SVGNAME="C:\Users\superman\Documents\TylerBondGithub\ecen427-spaceinvaders\rtc\SDK\SDK_Export\hw\imgs\microblaze_0_dlmb.svg" TMPSVGFN="C:\Users\superman\Documents\TylerBondGithub\ecen427-spaceinvaders\rtc\__xps\.dswkshop\microblaze_0_dlmb.svg"/>

  <RENDERIMG RASNAME="C:\Users\superman\Documents\TylerBondGithub\ecen427-spaceinvaders\rtc\SDK\SDK_Export\hw\imgs\microblaze_0_d_bram_ctrl.jpg" SVGNAME="C:\Users\superman\Documents\TylerBondGithub\ecen427-spaceinvaders\rtc\SDK\SDK_Export\hw\imgs\microblaze_0_d_bram_ctrl.svg" TMPSVGFN="C:\Users\superman\Documents\TylerBondGithub\ecen427-spaceinvaders\rtc\__xps\.dswkshop\microblaze_0_d_bram_ctrl.svg"/>

  <RENDERIMG RASNAME="C:\Users\superman\Documents\TylerBondGithub\ecen427-spaceinvaders\rtc\SDK\SDK_Export\hw\imgs\microblaze_0_bram_block.jpg" SVGNAME="C:\Users\superman\Documents\TylerBondGithub\ecen427-spaceinvaders\rtc\SDK\SDK_Export\hw\imgs\microblaze_0_bram_block.svg" TMPSVGFN="C:\Users\superman\Documents\TylerBondGithub\ecen427-spaceinvaders\rtc\__xps\.dswkshop\microblaze_0_bram_block.svg"/>

  <RENDERIMG RASNAME="C:\Users\superman\Documents\TylerBondGithub\ecen427-spaceinvaders\rtc\SDK\SDK_Export\hw\imgs\microblaze_0.jpg" SVGNAME="C:\Users\superman\Documents\TylerBondGithub\ecen427-spaceinvaders\rtc\SDK\SDK_Export\hw\imgs\microblaze_0.svg" TMPSVGFN="C:\Users\superman\Documents\TylerBondGithub\ecen427-spaceinvaders\rtc\__xps\.dswkshop\microblaze_0.svg"/>

  <RENDERIMG RASNAME="C:\Users\superman\Documents\TylerBondGithub\ecen427-spaceinvaders\rtc\SDK\SDK_Export\hw\imgs\debug_module.jpg" SVGNAME="C:\Users\superman\Documents\TylerBondGithub\ecen427-spaceinvaders\rtc\SDK\SDK_Export\hw\imgs\debug_module.svg" TMPSVGFN="C:\Users\superman\Documents\TylerBondGithub\ecen427-spaceinvaders\rtc\__xps\.dswkshop\debug_module.svg"/>

  <RENDERIMG RASNAME="C:\Users\superman\Documents\TylerBondGithub\ecen427-spaceinvaders\rtc\SDK\SDK_Export\hw\imgs\clock_generator_0.jpg" SVGNAME="C:\Users\superman\Documents\TylerBondGithub\ecen427-spaceinvaders\rtc\SDK\SDK_Export\hw\imgs\clock_generator_0.svg" TMPSVGFN="C:\Users\superman\Documents\TylerBondGithub\ecen427-spaceinvaders\rtc\__xps\.dswkshop\clock_generator_0.svg"/>

  <RENDERIMG RASNAME="C:\Users\superman\Documents\TylerBondGithub\ecen427-spaceinvaders\rtc\SDK\SDK_Export\hw\imgs\axi4lite_0.jpg" SVGNAME="C:\Users\superman\Documents\TylerBondGithub\ecen427-spaceinvaders\rtc\SDK\SDK_Export\hw\imgs\axi4lite_0.svg" TMPSVGFN="C:\Users\superman\Documents\TylerBondGithub\ecen427-spaceinvaders\rtc\__xps\.dswkshop\axi4lite_0.svg"/>

  <RENDERIMG RASNAME="C:\Users\superman\Documents\TylerBondGithub\ecen427-spaceinvaders\rtc\SDK\SDK_Export\hw\imgs\RS232_Uart_1.jpg" SVGNAME="C:\Users\superman\Documents\TylerBondGithub\ecen427-spaceinvaders\rtc\SDK\SDK_Export\hw\imgs\RS232_Uart_1.svg" TMPSVGFN="C:\Users\superman\Documents\TylerBondGithub\ecen427-spaceinvaders\rtc\__xps\.dswkshop\RS232_Uart_1.svg"/>

  <RENDERIMG RASNAME="C:\Users\superman\Documents\TylerBondGithub\ecen427-spaceinvaders\rtc\SDK\SDK_Export\hw\imgs\Push_Buttons_5Bits.jpg" SVGNAME="C:\Users\superman\Documents\TylerBondGithub\ecen427-spaceinvaders\rtc\SDK\SDK_Export\hw\imgs\Push_Buttons_5Bits.svg" TMPSVGFN="C:\Users\superman\Documents\TylerBondGithub\ecen427-spaceinvaders\rtc\__xps\.dswkshop\Push_Buttons_5Bits.svg"/>

  <RENDERIMG RASNAME="C:\Users\superman\Documents\TylerBondGithub\ecen427-spaceinvaders\rtc\SDK\SDK_Export\hw\imgs\LEDs_8Bits.jpg" SVGNAME="C:\Users\superman\Documents\TylerBondGithub\ecen427-spaceinvaders\rtc\SDK\SDK_Export\hw\imgs\LEDs_8Bits.svg" TMPSVGFN="C:\Users\superman\Documents\TylerBondGithub\ecen427-spaceinvaders\rtc\__xps\.dswkshop\LEDs_8Bits.svg"/>

  <RENDERIMG RASNAME="C:\Users\superman\Documents\TylerBondGithub\ecen427-spaceinvaders\rtc\SDK\SDK_Export\hw\imgs\DIP_Switches_8Bits.jpg" SVGNAME="C:\Users\superman\Documents\TylerBondGithub\ecen427-spaceinvaders\rtc\SDK\SDK_Export\hw\imgs\DIP_Switches_8Bits.svg" TMPSVGFN="C:\Users\superman\Documents\TylerBondGithub\ecen427-spaceinvaders\rtc\__xps\.dswkshop\DIP_Switches_8Bits.svg"/>

  <RENDERIMG RASNAME="C:\Users\superman\Documents\TylerBondGithub\ecen427-spaceinvaders\rtc\SDK\SDK_Export\hw\imgs\fit_timer_0.jpg" SVGNAME="C:\Users\superman\Documents\TylerBondGithub\ecen427-spaceinvaders\rtc\SDK\SDK_Export\hw\imgs\fit_timer_0.svg" TMPSVGFN="C:\Users\superman\Documents\TylerBondGithub\ecen427-spaceinvaders\rtc\__xps\.dswkshop\fit_timer_0.svg"/>

  <RENDERIMG RASNAME="C:\Users\superman\Documents\TylerBondGithub\ecen427-spaceinvaders\rtc\SDK\SDK_Export\hw\imgs\system_blkd.jpg" SVGNAME="C:\Users\superman\Documents\TylerBondGithub\ecen427-spaceinvaders\rtc\SDK\SDK_Export\hw\imgs\system_blkd.svg" TMPSVGFN="C:\Users\superman\Documents\TylerBondGithub\ecen427-spaceinvaders\rtc\__xps\.dswkshop\system_blkd.svg"/>

</RENDERBATCH>