
<RENDERBATCH>

  <RENDERIMG RASNAME="C:\EE427\SpaceInvaderTestHW2\SDK\SDK_Export\hw\imgs\proc_sys_reset_0.jpg" SVGNAME="C:\EE427\SpaceInvaderTestHW2\SDK\SDK_Export\hw\imgs\proc_sys_reset_0.svg" TMPSVGFN="C:\EE427\SpaceInvaderTestHW2\__xps\.dswkshop\proc_sys_reset_0.svg"/>

  <RENDERIMG RASNAME="C:\EE427\SpaceInvaderTestHW2\SDK\SDK_Export\hw\imgs\microblaze_0_ilmb.jpg" SVGNAME="C:\EE427\SpaceInvaderTestHW2\SDK\SDK_Export\hw\imgs\microblaze_0_ilmb.svg" TMPSVGFN="C:\EE427\SpaceInvaderTestHW2\__xps\.dswkshop\microblaze_0_ilmb.svg"/>

  <RENDERIMG RASNAME="C:\EE427\SpaceInvaderTestHW2\SDK\SDK_Export\hw\imgs\microblaze_0_i_bram_ctrl.jpg" SVGNAME="C:\EE427\SpaceInvaderTestHW2\SDK\SDK_Export\hw\imgs\microblaze_0_i_bram_ctrl.svg" TMPSVGFN="C:\EE427\SpaceInvaderTestHW2\__xps\.dswkshop\microblaze_0_i_bram_ctrl.svg"/>

  <RENDERIMG RASNAME="C:\EE427\SpaceInvaderTestHW2\SDK\SDK_Export\hw\imgs\microblaze_0_dlmb.jpg" SVGNAME="C:\EE427\SpaceInvaderTestHW2\SDK\SDK_Export\hw\imgs\microblaze_0_dlmb.svg" TMPSVGFN="C:\EE427\SpaceInvaderTestHW2\__xps\.dswkshop\microblaze_0_dlmb.svg"/>

  <RENDERIMG RASNAME="C:\EE427\SpaceInvaderTestHW2\SDK\SDK_Export\hw\imgs\microblaze_0_d_bram_ctrl.jpg" SVGNAME="C:\EE427\SpaceInvaderTestHW2\SDK\SDK_Export\hw\imgs\microblaze_0_d_bram_ctrl.svg" TMPSVGFN="C:\EE427\SpaceInvaderTestHW2\__xps\.dswkshop\microblaze_0_d_bram_ctrl.svg"/>

  <RENDERIMG RASNAME="C:\EE427\SpaceInvaderTestHW2\SDK\SDK_Export\hw\imgs\microblaze_0_bram_block.jpg" SVGNAME="C:\EE427\SpaceInvaderTestHW2\SDK\SDK_Export\hw\imgs\microblaze_0_bram_block.svg" TMPSVGFN="C:\EE427\SpaceInvaderTestHW2\__xps\.dswkshop\microblaze_0_bram_block.svg"/>

  <RENDERIMG RASNAME="C:\EE427\SpaceInvaderTestHW2\SDK\SDK_Export\hw\imgs\microblaze_0.jpg" SVGNAME="C:\EE427\SpaceInvaderTestHW2\SDK\SDK_Export\hw\imgs\microblaze_0.svg" TMPSVGFN="C:\EE427\SpaceInvaderTestHW2\__xps\.dswkshop\microblaze_0.svg"/>

  <RENDERIMG RASNAME="C:\EE427\SpaceInvaderTestHW2\SDK\SDK_Export\hw\imgs\debug_module.jpg" SVGNAME="C:\EE427\SpaceInvaderTestHW2\SDK\SDK_Export\hw\imgs\debug_module.svg" TMPSVGFN="C:\EE427\SpaceInvaderTestHW2\__xps\.dswkshop\debug_module.svg"/>

  <RENDERIMG RASNAME="C:\EE427\SpaceInvaderTestHW2\SDK\SDK_Export\hw\imgs\clock_generator_0.jpg" SVGNAME="C:\EE427\SpaceInvaderTestHW2\SDK\SDK_Export\hw\imgs\clock_generator_0.svg" TMPSVGFN="C:\EE427\SpaceInvaderTestHW2\__xps\.dswkshop\clock_generator_0.svg"/>

  <RENDERIMG RASNAME="C:\EE427\SpaceInvaderTestHW2\SDK\SDK_Export\hw\imgs\axi_vdma_0.jpg" SVGNAME="C:\EE427\SpaceInvaderTestHW2\SDK\SDK_Export\hw\imgs\axi_vdma_0.svg" TMPSVGFN="C:\EE427\SpaceInvaderTestHW2\__xps\.dswkshop\axi_vdma_0.svg"/>

  <RENDERIMG RASNAME="C:\EE427\SpaceInvaderTestHW2\SDK\SDK_Export\hw\imgs\Push_Buttons_5Bits.jpg" SVGNAME="C:\EE427\SpaceInvaderTestHW2\SDK\SDK_Export\hw\imgs\Push_Buttons_5Bits.svg" TMPSVGFN="C:\EE427\SpaceInvaderTestHW2\__xps\.dswkshop\Push_Buttons_5Bits.svg"/>

  <RENDERIMG RASNAME="C:\EE427\SpaceInvaderTestHW2\SDK\SDK_Export\hw\imgs\axi_hdmi_0.jpg" SVGNAME="C:\EE427\SpaceInvaderTestHW2\SDK\SDK_Export\hw\imgs\axi_hdmi_0.svg" TMPSVGFN="C:\EE427\SpaceInvaderTestHW2\__xps\.dswkshop\axi_hdmi_0.svg"/>

  <RENDERIMG RASNAME="C:\EE427\SpaceInvaderTestHW2\SDK\SDK_Export\hw\imgs\axi_ac97_0.jpg" SVGNAME="C:\EE427\SpaceInvaderTestHW2\SDK\SDK_Export\hw\imgs\axi_ac97_0.svg" TMPSVGFN="C:\EE427\SpaceInvaderTestHW2\__xps\.dswkshop\axi_ac97_0.svg"/>

  <RENDERIMG RASNAME="C:\EE427\SpaceInvaderTestHW2\SDK\SDK_Export\hw\imgs\axi4lite_0.jpg" SVGNAME="C:\EE427\SpaceInvaderTestHW2\SDK\SDK_Export\hw\imgs\axi4lite_0.svg" TMPSVGFN="C:\EE427\SpaceInvaderTestHW2\__xps\.dswkshop\axi4lite_0.svg"/>

  <RENDERIMG RASNAME="C:\EE427\SpaceInvaderTestHW2\SDK\SDK_Export\hw\imgs\axi4_0.jpg" SVGNAME="C:\EE427\SpaceInvaderTestHW2\SDK\SDK_Export\hw\imgs\axi4_0.svg" TMPSVGFN="C:\EE427\SpaceInvaderTestHW2\__xps\.dswkshop\axi4_0.svg"/>

  <RENDERIMG RASNAME="C:\EE427\SpaceInvaderTestHW2\SDK\SDK_Export\hw\imgs\RS232_Uart_1.jpg" SVGNAME="C:\EE427\SpaceInvaderTestHW2\SDK\SDK_Export\hw\imgs\RS232_Uart_1.svg" TMPSVGFN="C:\EE427\SpaceInvaderTestHW2\__xps\.dswkshop\RS232_Uart_1.svg"/>

  <RENDERIMG RASNAME="C:\EE427\SpaceInvaderTestHW2\SDK\SDK_Export\hw\imgs\MCB_DDR2.jpg" SVGNAME="C:\EE427\SpaceInvaderTestHW2\SDK\SDK_Export\hw\imgs\MCB_DDR2.svg" TMPSVGFN="C:\EE427\SpaceInvaderTestHW2\__xps\.dswkshop\MCB_DDR2.svg"/>

  <RENDERIMG RASNAME="C:\EE427\SpaceInvaderTestHW2\SDK\SDK_Export\hw\imgs\Digilent_QuadSPI_Cntlr.jpg" SVGNAME="C:\EE427\SpaceInvaderTestHW2\SDK\SDK_Export\hw\imgs\Digilent_QuadSPI_Cntlr.svg" TMPSVGFN="C:\EE427\SpaceInvaderTestHW2\__xps\.dswkshop\Digilent_QuadSPI_Cntlr.svg"/>

  <RENDERIMG RASNAME="C:\EE427\SpaceInvaderTestHW2\SDK\SDK_Export\hw\imgs\axi_intc_0.jpg" SVGNAME="C:\EE427\SpaceInvaderTestHW2\SDK\SDK_Export\hw\imgs\axi_intc_0.svg" TMPSVGFN="C:\EE427\SpaceInvaderTestHW2\__xps\.dswkshop\axi_intc_0.svg"/>

  <RENDERIMG RASNAME="C:\EE427\SpaceInvaderTestHW2\SDK\SDK_Export\hw\imgs\axi_timer_0.jpg" SVGNAME="C:\EE427\SpaceInvaderTestHW2\SDK\SDK_Export\hw\imgs\axi_timer_0.svg" TMPSVGFN="C:\EE427\SpaceInvaderTestHW2\__xps\.dswkshop\axi_timer_0.svg"/>

  <RENDERIMG RASNAME="C:\EE427\SpaceInvaderTestHW2\SDK\SDK_Export\hw\imgs\fit_timer_0.jpg" SVGNAME="C:\EE427\SpaceInvaderTestHW2\SDK\SDK_Export\hw\imgs\fit_timer_0.svg" TMPSVGFN="C:\EE427\SpaceInvaderTestHW2\__xps\.dswkshop\fit_timer_0.svg"/>

  <RENDERIMG RASNAME="C:\EE427\SpaceInvaderTestHW2\SDK\SDK_Export\hw\imgs\system_blkd.jpg" SVGNAME="C:\EE427\SpaceInvaderTestHW2\SDK\SDK_Export\hw\imgs\system_blkd.svg" TMPSVGFN="C:\EE427\SpaceInvaderTestHW2\__xps\.dswkshop\system_blkd.svg"/>

</RENDERBATCH>